ModelFile;PositionX;PositionY;PositionZ;RotationX;RotationY;RotationZ;RotationW;ScaleFactor;ModelId;Type;FileDataID;DoodadSetIndexes;DoodadSetNames
..\..\world\expansion02\doodads\lakewintergrasp\trees\wintergrasp_tree_03.obj;13909.7236328125;359.15069580078125;12377.31640625;10.76788330078125;160.5;9.59440803527832;;1.2197265625;23090559;m2;196105;0;
..\..\world\expansion02\doodads\lakewintergrasp\trees\wintergrasp_tree_02.obj;14379.880859375;355.1542053222656;12256.2138671875;4.535648822784424;56;3.713740825653076;;1.119140625;23086809;m2;196104;0;
..\..\world\expansion02\doodads\lakewintergrasp\trees\wintergrasp_tree_03.obj;13929.11328125;357.05694580078125;12177.6748046875;-11.625142097473145;52.5;15.473472595214844;;1;23086766;m2;196105;0;
..\..\world\expansion02\doodads\lakewintergrasp\trees\wintergrasp_tree_02.obj;14014.181640625;356.54083251953125;12383.283203125;0;35;0;;1.119140625;23095890;m2;196104;0;
..\..\world\expansion02\doodads\lakewintergrasp\trees\wintergrasp_tree_03.obj;14010.5625;353.2582092285156;12604.484375;3.126917600631714;233.50001525878906;17.381017684936523;;1;23090563;m2;196105;0;
..\..\world\expansion02\doodads\lakewintergrasp\trees\wintergrasp_tree_03.obj;14370.0908203125;353.0338439941406;12833.787109375;3.126917600631714;146;17.381017684936523;;1;23086701;m2;196105;0;
..\..\world\expansion02\doodads\lakewintergrasp\trees\wintergrasp_tree_03.obj;14247.451171875;354.8431091308594;12830.986328125;3.126917600631714;40.499969482421875;17.381017684936523;;1;23086700;m2;196105;0;
..\..\world\expansion02\doodads\lakewintergrasp\trees\wintergrasp_tree_03.obj;13973.2880859375;352.9867248535156;12319.69140625;-11.625142097473145;28;15.473472595214844;;1;23090557;m2;196105;0;
..\..\world\expansion02\doodads\lakewintergrasp\trees\wintergrasp_tree_03.obj;14373.861328125;375.12420654296875;12460.369140625;3.1269173622131348;328.5000305175781;17.381017684936523;;1;23090561;m2;196105;0;
..\..\world\expansion02\doodads\lakewintergrasp\trees\wintergrasp_tree_03.obj;14319.5810546875;352.7495422363281;12348.208984375;3.126918077468872;239.00001525878906;17.38101577758789;;1;23090558;m2;196105;0;
..\..\world\expansion02\doodads\lakewintergrasp\trees\wintergrasp_tree_03.obj;14074.1064453125;354.7320861816406;12695.484375;3.126918077468872;37.499969482421875;17.381017684936523;;1;23090564;m2;196105;0;
..\..\world\expansion02\doodads\lakewintergrasp\trees\wintergrasp_tree_03.obj;14499.880859375;353.4592590332031;12702.6640625;3.126917600631714;36.000030517578125;17.381017684936523;;1;23087028;m2;196105;0;
..\..\world\expansion02\doodads\lakewintergrasp\trees\wintergrasp_tree_03.obj;13830.9912109375;356.5632629394531;12525.9140625;-11.625142097473145;10;15.473472595214844;;1;23091989;m2;196105;0;
..\..\world\expansion02\doodads\lakewintergrasp\trees\wintergrasp_tree_03.obj;14378.3896484375;361.06243896484375;12250.16796875;7.944976806640625;39.5;-2.150768995285034;;1;23089624;m2;196105;0;
..\..\world\expansion02\doodads\lakewintergrasp\trees\wintergrasp_tree_02.obj;14451.2275390625;396.956787109375;12473.62109375;15.436800003051758;140;-6.241343021392822;;0.859375;23087901;m2;196104;0;
..\..\world\expansion02\doodads\lakewintergrasp\trees\wintergrasp_tree_03.obj;14073.658203125;353.8974609375;12370.4169921875;2.0358338356018066;129.5;5.916534900665283;;1;23090560;m2;196105;0;
..\..\world\expansion02\doodads\lakewintergrasp\trees\wintergrasp_tree_02.obj;13851.4599609375;352.34381103515625;12776.693359375;4.866932392120361;237.1348114013672;-18.7750244140625;;0.859375;23083128;m2;196104;0;
..\..\world\expansion02\doodads\lakewintergrasp\trees\wintergrasp_tree_02.obj;14111.4716796875;352.7315979003906;12870.7119140625;15.436800003051758;244.50003051757812;-6.241343021392822;;0.859375;23087848;m2;196104;0;
..\..\world\expansion02\doodads\lakewintergrasp\trees\wintergrasp_tree_03.obj;13948.408203125;356.3868713378906;12543.671875;10.767881393432617;249.50006103515625;9.594408988952637;;1;23090562;m2;196105;0;
..\..\world\expansion02\doodads\lakewintergrasp\trees\wintergrasp_tree_02.obj;14322.7734375;353.60260009765625;12352.7451171875;15.43680191040039;118.5;-6.241343021392822;;0.859375;23090569;m2;196104;0;
..\..\world\expansion02\doodads\lakewintergrasp\trees\wintergrasp_tree_02.obj;14378.4248046875;375.7072448730469;12457.21484375;15.43680191040039;208.00001525878906;-6.241344451904297;;0.859375;23090575;m2;196104;0;
..\..\world\expansion02\doodads\lakewintergrasp\trees\wintergrasp_tree_03.obj;14446.5947265625;396.3363952636719;12470.5712890625;3.1269168853759766;260.50006103515625;17.381017684936523;;1;23087025;m2;196105;0;
..\..\world\expansion02\doodads\lakewintergrasp\trees\wintergrasp_tree_02.obj;14365.3955078125;354.0270080566406;12836.7373046875;15.43680191040039;25.5;-6.241344928741455;;0.859375;23087847;m2;196104;0;
..\..\world\expansion02\doodads\lakewintergrasp\trees\wintergrasp_tree_02.obj;14475.5498046875;344.8559875488281;12301.8857421875;-12.27413272857666;219;3.057131052017212;;0.859375;23096069;m2;196104;0;
..\..\world\expansion02\doodads\lakewintergrasp\trees\wintergrasp_tree_02.obj;14245.86328125;355.463623046875;12825.671875;15.436802864074707;280;-6.2413458824157715;;0.859375;23087846;m2;196104;0;
..\..\world\expansion02\doodads\lakewintergrasp\trees\wintergrasp_tree_02.obj;14072.798828125;354.4181213378906;12690.0947265625;15.43680191040039;277;-6.241343021392822;;0.859375;23090834;m2;196104;0;
..\..\world\expansion02\doodads\lakewintergrasp\trees\wintergrasp_tree_02.obj;13909.1796875;363.882568359375;12385.572265625;0;40;0;;0.859375;23095889;m2;196104;0;
..\..\world\expansion02\doodads\lakewintergrasp\trees\wintergrasp_tree_02.obj;14498.71484375;355.0145568847656;12697.240234375;15.43680191040039;275.5;-6.241343975067139;;0.859375;23087904;m2;196104;0;
..\..\world\expansion02\doodads\dragonblight\dragonblight_icecliff_06.obj;14151.4609375;325.165771484375;12592.9921875;-2.517861843109131;155.5;27.891355514526367;;1;23097876;m2;194610;0;
..\..\world\expansion02\doodads\lakewintergrasp\trees\wintergrasp_tree_02.obj;13957.216796875;356.2689514160156;12543.5390625;0;163.5;0;;0.859375;23090576;m2;196104;0;
..\..\world\expansion02\doodads\lakewintergrasp\trees\wintergrasp_tree_03.obj;13847.982421875;352.725341796875;12779.798828125;-0.026700064539909363;320.5614013671875;5.481260299682617;;0.7890625;23091996;m2;196105;0;
..\..\world\expansion02\doodads\lakewintergrasp\trees\wintergrasp_tree_02.obj;14013.3046875;353.8150939941406;12609.3046875;15.436800003051758;90.5;-6.241343975067139;;0.7587890625;23086927;m2;196104;0;
..\..\world\expansion02\doodads\lakewintergrasp\trees\wintergrasp_tree_05.obj;13975.3720703125;350.2992248535156;12316.6640625;13.956908226013184;89.5;-2.730201482772827;;1.728515625;23090566;m2;196107;0;
..\..\world\expansion02\doodads\lakewintergrasp\trees\wintergrasp_tree_03.obj;13857.87109375;373.8880920410156;12720.833984375;-17.74226951599121;247.59169006347656;14.112866401672363;;0.6484375;23091992;m2;196105;0;
..\..\world\expansion02\doodads\dragonblight\dragonblight_icecliff_05.obj;14179.98828125;328.8456115722656;12536.8994140625;28.509578704833984;31;-7.330881595611572;;1;23099459;m2;194609;0;
..\..\world\expansion02\doodads\lakewintergrasp\trees\wintergrasp_tree_02.obj;14074.783203125;352.82110595703125;12373.578125;7.445415019989014;9.5;-12.790995597839355;;0.669921875;23090574;m2;196104;0;
..\..\world\expansion02\doodads\lakewintergrasp\trees\wintergrasp_tree_02.obj;14017.3359375;357.1131896972656;12380.0810546875;16.064876556396484;65;0.46105921268463135;;0.529296875;23095891;m2;196104;0;
..\..\world\expansion02\doodads\dragonblight\dragonblight_icecliff_06.obj;14179.6767578125;337.7663269042969;12379.541015625;2.015321731567383;204.49996948242188;32.77519226074219;;0.6796875;23089134;m2;194610;0;
..\..\world\expansion02\doodads\lakewintergrasp\trees\wintergrasp_tree_05.obj;14250.3564453125;353.17877197265625;12824.8984375;-3.193895101547241;229.99996948242188;7.652194023132324;;1.138671875;23087799;m2;196107;0;
..\..\world\expansion02\doodads\dragonblight\dragonblight_icecliff_06.obj;14234.7841796875;336.1382141113281;12380.2294921875;-9.49511432647705;343.5;39.05934143066406;;0.6796875;23097884;m2;194610;0;
..\..\world\expansion02\doodads\lakewintergrasp\trees\wintergrasp_tree_05.obj;14363.4501953125;352.16876220703125;12832.615234375;-3.1938962936401367;335.49993896484375;7.652194976806641;;1.138671875;23089727;m2;196107;0;
..\..\world\expansion02\doodads\dragonblight\dragonblight_icecliff_06.obj;14191.451171875;320.5885314941406;12415.7890625;-15.076354026794434;273.50006103515625;47.87067794799805;;0.6796875;23089136;m2;194610;0;
..\..\world\expansion02\doodads\lakewintergrasp\trees\wintergrasp_tree_05.obj;14380.5478515625;373.42144775390625;12461.25;-3.193896532058716;158;7.652195930480957;;1.138671875;23089182;m2;196107;0;
..\..\world\expansion02\doodads\dragonblight\dragonblight_icecliff_06.obj;14008.892578125;310.13885498046875;12523.396484375;0.5515291690826416;38.5;0.5344551205635071;;0.6796875;23089139;m2;194610;0;
..\..\world\expansion02\doodads\lakewintergrasp\trees\wintergrasp_tree_05.obj;14318.7578125;350.87969970703125;12354.904296875;-3.1938958168029785;68.50003051757812;7.652194976806641;;1.138671875;23090836;m2;196107;0;
..\..\world\expansion02\doodads\lakewintergrasp\trees\wintergrasp_tree_02.obj;14006.8427734375;366.4227600097656;12380.873046875;23.7661190032959;335.49993896484375;7.488443851470947;;0.44921875;23090573;m2;196104;0;
..\..\world\expansion02\doodads\dragonblight\dragonblight_icecliff_06.obj;13903.162109375;330.7364501953125;12392.916015625;4.342848777770996;220;28.11641502380371;;0.58984375;23089132;m2;194610;0;
..\..\world\expansion02\doodads\dragonblight\dragonblight_icecliff_06.obj;14134.4951171875;324.2862854003906;12326.140625;-9.020246505737305;160;42.17256164550781;;0.609375;23089131;m2;194610;0;
..\..\world\expansion02\doodads\dragonblight\dragonblight_icecliff_06.obj;14141.69921875;328.64971923828125;12563.826171875;16.230405807495117;129;16.830291748046875;;0.55859375;23089150;m2;194610;0;
..\..\world\expansion02\doodads\lakewintergrasp\trees\wintergrasp_tree_05.obj;13914.390625;357.7463073730469;12390.05078125;-3.1254844665527344;63.5;-1.8658369779586792;;1.05859375;23089173;m2;196107;0;
..\..\world\expansion02\doodads\lakewintergrasp\trees\wintergrasp_tree_05.obj;14378.7861328125;367.09814453125;12252.267578125;21.06244468688965;189.5;12.593612670898438;;1;23086758;m2;196107;0;
..\..\world\expansion02\doodads\dragonblight\dragonblight_icecliff_06.obj;14196.3486328125;331.4286193847656;12512.5322265625;-13.71019172668457;121;46.979957580566406;;0.55859375;23089140;m2;194610;0;
..\..\world\expansion02\doodads\lakewintergrasp\trees\wintergrasp_tree_05.obj;13854.2529296875;350.7613525390625;12781.111328125;-3.1938960552215576;172.5;7.652195930480957;;1.138671875;23083118;m2;196107;0;
..\..\world\expansion02\doodads\dragonblight\dragonblight_icecliff_06.obj;14308.470703125;346.35150146484375;12516.892578125;16.49540138244629;119;40.1123161315918;;0.55859375;23089149;m2;194610;0;
..\..\world\expansion02\doodads\dragonblight\dragonblight_icecliff_06.obj;14215.2724609375;347.4140625;12525.7431640625;16.32391357421875;105.5;14.479217529296875;;0.55859375;23089141;m2;194610;0;
..\..\world\expansion02\doodads\lakewintergrasp\trees\wintergrasp_tree_05.obj;14376.3955078125;365.0669860839844;12255.15234375;-14.516459465026855;244.5;-37.4769401550293;;0.859375;23086759;m2;196107;0;
..\..\world\expansion02\doodads\lakewintergrasp\trees\wintergrasp_tree_05.obj;13977.466796875;352.9431457519531;12708.09375;-3.1938958168029785;93;7.652195930480957;;1.138671875;23090831;m2;196107;0;
..\..\world\expansion02\doodads\lakewintergrasp\trees\wintergrasp_tree_05.obj;13969.2119140625;350.3934631347656;12703.470703125;-12.681447982788086;207.49998474121094;-16.650959014892578;;0.859375;23090832;m2;196107;0;
..\..\world\expansion02\doodads\dragonblight\dragonblight_icecliff_06.obj;14350.9306640625;341.9869689941406;12456.1484375;1.4531928300857544;161;26.024085998535156;;0.55859375;23089138;m2;194610;0;
..\..\world\expansion02\doodads\dragonblight\dragonblight_icecliff_06.obj;14294.4013671875;354.8063049316406;12524.35546875;-4.617527008056641;110.50003051757812;22.95876693725586;;0.55859375;23089147;m2;194610;0;
..\..\world\expansion02\doodads\lakewintergrasp\trees\wintergrasp_tree_05.obj;14013.001953125;353.0416564941406;12595.8125;-14.488844871520996;302.5;-1.736405849456787;;0.859375;23089336;m2;196107;0;
..\..\world\expansion02\doodads\lakewintergrasp\trees\wintergrasp_tree_05.obj;14378.86328125;352.44287109375;12835.8466796875;-14.488842964172363;215.00001525878906;-1.736405372619629;;0.859375;23086718;m2;196107;0;
..\..\world\expansion02\doodads\lakewintergrasp\trees\wintergrasp_tree_05.obj;14365.009765625;374.2076721191406;12458.6953125;-14.488842964172363;37.499969482421875;-1.7364060878753662;;0.859375;23089181;m2;196107;0;
..\..\world\expansion02\doodads\lakewintergrasp\trees\wintergrasp_tree_05.obj;14321.177734375;355.39312744140625;12339.34375;-14.488844871520996;308;-1.7364062070846558;;0.859375;23090838;m2;196107;0;
..\..\world\expansion02\doodads\dragonblight\dragonblight_icecliff_06.obj;14249.9873046875;348.68951416015625;12517.76171875;-11.577014923095703;79.50003051757812;18.858104705810547;;0.55859375;23089142;m2;194610;0;
..\..\world\expansion02\doodads\lakewintergrasp\trees\wintergrasp_tree_05.obj;13859.20703125;370.5571594238281;12721.5703125;-2.1579296588897705;69.58135986328125;-44.2574348449707;;0.8291015625;23083054;m2;196107;0;
..\..\world\expansion02\doodads\dragonblight\dragonblight_icecliff_06.obj;13899.5732421875;319.0348205566406;12460.376953125;-5.936704635620117;103.99996948242188;25.42998695373535;;0.5693359375;23089137;m2;194610;0;
..\..\world\expansion02\doodads\lakewintergrasp\trees\wintergrasp_tree_05.obj;13838.505859375;352.3158264160156;12781.2919921875;-14.488844871520996;47.5;-1.736405849456787;;0.859375;23083120;m2;196107;0;
..\..\world\expansion02\doodads\dragonblight\dragonblight_icecliff_06.obj;14263.6796875;327.8519592285156;12504.24609375;-6.988308429718018;79.50003051757812;36.393131256103516;;0.55859375;23089146;m2;194610;0;
..\..\world\expansion02\doodads\lakewintergrasp\trees\wintergrasp_tree_05.obj;14069.37109375;354.5213928222656;12703.1484375;-14.488842964172363;106.50003051757812;-1.7364071607589722;;0.859375;23090833;m2;196107;0;
..\..\world\expansion02\doodads\dragonblight\dragonblight_icecliff_06.obj;14276.1337890625;346.6775817871094;12519.37109375;-7.613005638122559;101.00006103515625;28.919189453125;;0.55859375;23089148;m2;194610;0;
..\..\world\expansion02\doodads\lakewintergrasp\trees\wintergrasp_tree_04.obj;14066.9130859375;354.7865295410156;12363.7587890625;-4.852494239807129;233.99998474121094;2.9074745178222656;;1;23090839;m2;196106;0;
..\..\world\expansion02\doodads\lakewintergrasp\trees\wintergrasp_tree_02.obj;13970.3876953125;364.9854736328125;12323.091796875;24.334774017333984;4.999969482421875;-1.5661228895187378;;0.388671875;23090568;m2;196104;0;
..\..\world\expansion02\doodads\lakewintergrasp\trees\wintergrasp_tree_04.obj;13974.5595703125;352.2916564941406;12690.0244140625;-4.174170017242432;109.50003051757812;-5.964605331420898;;1;23090553;m2;196106;0;
..\..\world\expansion02\doodads\dragonblight\dragonblight_icecliff_06.obj;14308.0146484375;335.69708251953125;12500.8466796875;-7.616957187652588;95.5;43.167213439941406;;0.55859375;23089151;m2;194610;0;
..\..\world\expansion02\doodads\lakewintergrasp\trees\wintergrasp_tree_05.obj;13847.650390625;348.1441955566406;12787.888671875;-12.681448936462402;282.4999694824219;-16.650959014892578;;0.859375;23083119;m2;196107;0;
..\..\world\expansion02\doodads\lakewintergrasp\trees\wintergrasp_tree_05.obj;14079.7353515625;351.19195556640625;12698.7060546875;-12.681447982788086;341.4999694824219;-16.650957107543945;;0.859375;23090830;m2;196107;0;
..\..\world\expansion02\doodads\dragonblight\dragonblight_icecliff_06.obj;14085.4013671875;321.7665710449219;12393.7431640625;0.23548565804958344;329.5;0.3117463290691376;;0.509765625;23089133;m2;194610;0;
..\..\world\expansion02\doodads\lakewintergrasp\trees\wintergrasp_tree_04.obj;14066.34765625;352.7591857910156;12704.201171875;-4.174169063568115;243.49996948242188;-5.964605331420898;;1;23090556;m2;196106;0;
..\..\world\expansion02\doodads\lakewintergrasp\trees\wintergrasp_tree_04.obj;13836.513671875;351.1962585449219;12779.23046875;-5.895792484283447;154.1483154296875;-13.710648536682129;;1;23092746;m2;196106;0;
..\..\world\expansion02\doodads\lakewintergrasp\trees\wintergrasp_tree_05.obj;14004.263671875;349.0699157714844;12602.9375;-12.681447982788086;177.5;-16.650955200195312;;0.859375;23086928;m2;196107;0;
..\..\world\expansion02\doodads\lakewintergrasp\trees\wintergrasp_tree_05.obj;14372.8701171875;370.8839111328125;12466.77734375;-12.681447982788086;272.5;-16.650957107543945;;0.859375;23089183;m2;196107;0;
..\..\world\expansion02\doodads\lakewintergrasp\trees\wintergrasp_tree_05.obj;14371.3623046875;348.6742248535156;12827.427734375;-12.681446075439453;90;-16.650959014892578;;0.859375;23089728;m2;196107;0;
..\..\world\expansion02\doodads\lakewintergrasp\trees\wintergrasp_tree_05.obj;14313.1630859375;350.3560791015625;12347.2734375;-12.68144702911377;183.00003051757812;-16.650955200195312;;0.859375;23090837;m2;196107;0;
..\..\world\expansion02\doodads\lakewintergrasp\trees\wintergrasp_tree_04.obj;14015.6181640625;351.76483154296875;12593.96484375;-4.174170017242432;79.5;-5.964605331420898;;1;23090551;m2;196106;0;
..\..\world\expansion02\doodads\lakewintergrasp\trees\wintergrasp_tree_05.obj;13976.5205078125;353.7113342285156;12696.912109375;-14.488842964172363;271.5000305175781;-1.736405849456787;;0.859375;23086929;m2;196107;0;
..\..\world\expansion02\doodads\lakewintergrasp\trees\wintergrasp_tree_04.obj;14362.943359375;372.2074279785156;12456.25;-4.174169540405273;174.5;-5.964606285095215;;1;23090842;m2;196106;0;
..\..\world\expansion02\doodads\lakewintergrasp\trees\wintergrasp_tree_05.obj;13858.6083984375;372.0448303222656;12727.42578125;6.9339919090271;347.99371337890625;-7.57301139831543;;0.8291015625;23083055;m2;196107;0;
..\..\world\expansion02\doodads\lakewintergrasp\trees\wintergrasp_tree_04.obj;14323.60546875;352.84686279296875;12337.255859375;-4.174170017242432;85;-5.964605808258057;;1;23090841;m2;196106;0;
..\..\world\expansion02\doodads\lakewintergrasp\trees\wintergrasp_tree_05.obj;14078.4599609375;353.0829162597656;12363.1748046875;-2.523764133453369;65.50003051757812;-17.909347534179688;;0.748046875;23090567;m2;196107;0;
..\..\world\expansion02\doodads\lakewintergrasp\trees\wintergrasp_tree_05.obj;14011.8486328125;352.5666198730469;12388.2578125;-2.7969510555267334;62.5;3.2788658142089844;;0.75;23089175;m2;196107;0;
..\..\world\expansion02\doodads\generic\titan\ti_buildingblock02.obj;13907.1396484375;360.2314758300781;12586.8447265625;0;90;0;;0.478515625;23099458;m2;243663;0;
..\..\world\expansion02\doodads\dragonblight\dragonblight_icecliff_06.obj;14030.6630859375;320.4745178222656;12421.82421875;1.1250025033950806;269.5;2.6565186977386475;;0.509765625;23089135;m2;194610;0;
..\..\world\expansion02\doodads\lakewintergrasp\trees\wintergrasp_tree_05.obj;14076.7578125;349.6591491699219;12378.228515625;-9.80685806274414;254;-13.414201736450195;;0.75;23089179;m2;196107;0;
..\..\world\expansion02\doodads\lakewintergrasp\trees\wintergrasp_tree_05.obj;14006.232421875;356.04302978515625;12613.1953125;-3.1938962936401367;335.4999694824219;7.652196407318115;;0.62890625;23096426;m2;196107;0;
..\..\world\expansion02\doodads\dragonblight\dragonblight_shoreline_ice_02.obj;13995.6904296875;351.8534851074219;12437.046875;0;304.5000305175781;0;;3.08984375;23099455;m2;194647;0;
..\..\world\expansion02\doodads\dragonblight\dragonblight_shoreline_ice_02.obj;13985.052734375;351.6778869628906;12488.1796875;0;143;0;;3.08984375;23099456;m2;194647;0;
..\..\world\expansion02\doodads\lakewintergrasp\trees\wintergrasp_tree_04.obj;13850.71484375;353.5138244628906;12775.63671875;0;237.99996948242188;0;;0.728515625;23092745;m2;196106;0;
..\..\world\expansion02\doodads\lakewintergrasp\trees\wintergrasp_tree_04.obj;14070.8115234375;354.48382568359375;12689.76953125;0;297;0;;0.728515625;23090554;m2;196106;0;
..\..\world\expansion02\doodads\lakewintergrasp\trees\wintergrasp_tree_04.obj;14324.740234375;356.1830139160156;12352.318359375;0;138.5;0;;0.728515625;23090840;m2;196106;0;
..\..\world\expansion02\doodads\lakewintergrasp\trees\wintergrasp_tree_04.obj;14378.0146484375;375.73077392578125;12455.2451171875;0;228.00001525878906;0;;0.728515625;23089144;m2;196106;0;
..\..\world\expansion02\doodads\lakewintergrasp\trees\wintergrasp_tree_04.obj;14015.3046875;353.88427734375;12609.06640625;0;133;0;;0.728515625;23090552;m2;196106;0;
..\..\world\expansion02\doodads\lakewintergrasp\trees\wintergrasp_tree_04.obj;13981.8388671875;354.90130615234375;12703.259765625;0;163;0;;0.728515625;23090555;m2;196106;0;
..\..\world\expansion02\doodads\lakewintergrasp\bushes\wintergrasp_bush_03.obj;13908.578125;361.6210021972656;12362.6796875;-0.75865638256073;236.9999542236328;20.53286361694336;;4.859375;23083484;m2;196091;0;
..\..\world\expansion02\doodads\lakewintergrasp\trees\wintergrasp_tree_05.obj;13962.9931640625;353.9210510253906;12536.1044921875;0;192.99996948242188;0;;0.5986328125;23089184;m2;196107;0;
..\..\world\expansion02\doodads\lakewintergrasp\trees\wintergrasp_tree_05.obj;14006.6796875;363.1295166015625;12378.4951171875;0.2973075211048126;201.49998474121094;-47.99443817138672;;0.4384765625;23089176;m2;196107;0;
..\..\world\expansion02\doodads\dragonblight\dragonblight_shoreline_ice_01.obj;13888.1767578125;351.7540588378906;12283.498046875;0;216.5;0;;2.888671875;23090572;m2;194646;0;
..\..\world\expansion02\doodads\dragonblight\dragonblight_shoreline_ice_01.obj;14023.16015625;351.7460021972656;12521.81640625;0;127.5;0;;2.888671875;23090853;m2;194646;0;
..\..\world\expansion02\doodads\dragonblight\dragonblight_shoreline_ice_01.obj;14234.9384765625;351.6044006347656;12256.255859375;0;129;0;;2.888671875;23091907;m2;194646;0;
..\..\world\expansion02\doodads\dragonblight\dragonblight_shoreline_ice_01.obj;14281.0322265625;351.693359375;12389.408203125;0;68.50003051757812;0;;2.888671875;23089152;m2;194646;0;
..\..\world\expansion02\doodads\dragonblight\dragonblight_icecliff_06.obj;13854.0341796875;338.6604919433594;12469.87890625;-1.401510238647461;93.50033569335938;29.894474029541016;;0.2998046875;23092104;m2;194610;0;
..\..\world\expansion02\doodads\dragonblight\dragonblight_shoreline_ice_02.obj;14286.146484375;351.7604675292969;12360.453125;0;114.5;0;;2.109375;23099363;m2;194647;0;
..\..\world\expansion02\doodads\dragonblight\dragonblight_shoreline_ice_01.obj;14404.55078125;353.29180908203125;12671.90234375;0;18;0;;2.888671875;23087993;m2;194646;0;
..\..\world\expansion02\doodads\dragonblight\dragonblight_shoreline_ice_02.obj;13894.6015625;351.7058410644531;12319.42578125;0;243.49996948242188;0;;2.109375;23099361;m2;194647;0;
..\..\world\expansion02\doodads\dragonblight\dragonblight_shoreline_ice_01.obj;14071.9052734375;351.6615905761719;12424.794921875;0;166;0;;2.888671875;23090855;m2;194646;0;
..\..\world\expansion02\doodads\dragonblight\dragonblight_shoreline_ice_01.obj;14209.05078125;351.7326965332031;12430.1279296875;0;193.5;0;;2.888671875;23090844;m2;194646;0;
..\..\world\expansion02\doodads\dragonblight\dragonblight_shoreline_ice_01.obj;14097.3203125;351.7521057128906;12541.84375;0;192.50001525878906;0;;2.888671875;23091939;m2;194646;0;
..\..\world\expansion02\doodads\dragonblight\dragonblight_shoreline_ice_02.obj;14163.8544921875;351.78143310546875;12415.3125;0;306.4999694824219;0;;2.109375;23099367;m2;194647;0;
..\..\world\expansion02\doodads\dragonblight\dragonblight_shoreline_ice_01.obj;14155.8310546875;351.6503601074219;12416.1953125;0;88.49996948242188;0;;2.888671875;23090843;m2;194646;0;
..\..\world\expansion02\doodads\lakewintergrasp\bushes\wintergrasp_bush_03.obj;14231.35546875;362.4508361816406;12773.5634765625;-28.041643142700195;193.13616943359375;-2.6013436317443848;;3.2998046875;23097885;m2;196091;0;
..\..\world\expansion02\doodads\dragonblight\dragonblight_shoreline_ice_01.obj;14306.615234375;351.5890197753906;12463.53125;0;180.49998474121094;0;;2.888671875;23090849;m2;194646;0;
..\..\world\expansion02\doodads\dragonblight\dragonblight_shoreline_ice_01.obj;13916.5517578125;351.701171875;12256.4951171875;0;246.00001525878906;0;;2.3486328125;23091905;m2;194646;0;
..\..\world\expansion02\doodads\dragonblight\dragonblight_shoreline_ice_01.obj;13926.3544921875;351.78759765625;12285.8525390625;0;229.99998474121094;0;;2.3486328125;23089166;m2;194646;0;
..\..\world\expansion02\doodads\dragonblight\dragonblight_shoreline_ice_01.obj;14311.76171875;351.712890625;12389.947265625;0;158;0;;2.3486328125;23089153;m2;194646;0;
..\..\world\expansion02\doodads\dragonblight\dragonblight_shoreline_ice_01.obj;14255.62109375;351.751220703125;12411.7890625;0;48.5;0;;2.3486328125;23090845;m2;194646;0;
..\..\world\expansion02\doodads\lakewintergrasp\bushes\wintergrasp_bush_03.obj;14111.73828125;356.6183166503906;12714.728515625;-16.43764305114746;23;-1.0832905769348145;;3.1796875;23083495;m2;196091;0;
..\..\world\expansion02\doodads\dragonblight\dragonblight_shoreline_ice_01.obj;13883.5703125;351.97137451171875;12401.4951171875;0;121.5;0;;2.279296875;23092756;m2;194646;0;
..\..\world\expansion02\doodads\dragonblight\dragonblight_shoreline_ice_01.obj;14027.48828125;351.8048400878906;12433.1728515625;0;330.5;0;;2.279296875;23092758;m2;194646;0;
..\..\world\expansion02\doodads\dragonblight\dragonblight_shoreline_ice_01.obj;14053.505859375;351.6690368652344;12529.5576171875;0;307;0;;2.279296875;23090854;m2;194646;0;
..\..\world\expansion02\doodads\dragonblight\dragonblight_shoreline_ice_01.obj;13959.7685546875;351.72332763671875;12471.9091796875;0;141.5;0;;2.279296875;23090850;m2;194646;0;
..\..\world\expansion02\doodads\dragonblight\dragonblight_shoreline_ice_02.obj;13903.15625;352.01593017578125;12415.0966796875;0;157;0;;1.6884765625;23099366;m2;194647;0;
..\..\world\khazmodan\blackrock\activedoodads\darkironbrazier\darkironbrazier.obj;14181.7958984375;384.6963195800781;12344.083984375;-5.387636661529541;4.999969482421875;-0.7704563140869141;;1.388671875;23099457;m2;203018;0;
..\..\world\expansion02\doodads\dragonblight\dragonblight_shoreline_ice_01.obj;14265.7109375;351.6581726074219;12482.76171875;0;345;0;;2.279296875;23090851;m2;194646;0;
..\..\world\expansion02\doodads\lakewintergrasp\bushes\wintergrasp_bush_03.obj;13926.3564453125;354.86798095703125;12729.02734375;-16.437646865844727;2.5;-1.0832911729812622;;2.9384765625;23083494;m2;196091;0;
..\..\world\expansion02\doodads\lakewintergrasp\bushes\wintergrasp_bush_03.obj;13963.0859375;354.1249084472656;12761.8701171875;-16.43764305114746;260.0000305175781;-1.0832926034927368;;2.888671875;23083496;m2;196091;0;
..\..\world\expansion02\doodads\dragonblight\dragonblight_shoreline_ice_01.obj;14104.6005859375;351.7933654785156;12329.5888671875;0;258.5;0;;2.119140625;23097877;m2;194646;0;
..\..\world\expansion02\doodads\dragonblight\dragonblight_shoreline_ice_01.obj;14126.408203125;351.7626037597656;12535.58984375;0;206.5;0;;1.978515625;23091940;m2;194646;0;
..\..\world\expansion02\doodads\dragonblight\dragonblight_shoreline_ice_01.obj;14319.705078125;351.8171081542969;12440.4404296875;0;205.99996948242188;0;;1.978515625;23090848;m2;194646;0;
..\..\world\expansion02\doodads\dragonblight\dragonblight_shoreline_ice_02.obj;14354.283203125;351.86114501953125;12384.21484375;0;24.5;0;;1.4296875;23099365;m2;194647;0;
..\..\world\expansion02\doodads\dragonblight\dragonblight_shoreline_ice_01.obj;14090.359375;351.8726501464844;12405.71875;0;191.49996948242188;0;;1.978515625;23092797;m2;194646;0;
..\..\world\expansion02\doodads\lakewintergrasp\bushes\wintergrasp_bush_03.obj;13900.2548828125;365.62615966796875;12377.921875;-20.2403621673584;129;-18.464078903198242;;2.2685546875;23092220;m2;196091;0;
..\..\world\expansion02\doodads\lakewintergrasp\bushes\wintergrasp_bush_03.obj;13954.08203125;356.6444396972656;12535.650390625;-18.61075782775879;4.5;-19.247140884399414;;2.2685546875;23096434;m2;196091;0;
..\..\world\expansion02\doodads\lakewintergrasp\bushes\wintergrasp_bush_03.obj;14077.2255859375;353.2174377441406;12360.373046875;-12.472777366638184;38.500030517578125;-6.302079200744629;;2.498046875;23083485;m2;196091;0;
..\..\world\expansion02\doodads\lakewintergrasp\bushes\wintergrasp_bush_03.obj;13965.701171875;358.3715515136719;12328.7373046875;18.20819854736328;271;-16.639440536499023;;2.2685546875;23083481;m2;196091;0;
..\..\world\expansion02\doodads\lakewintergrasp\bushes\wintergrasp_bush_03.obj;13981.1103515625;356.4534606933594;12322.587890625;-17.47979736328125;305.5;-14.97270679473877;;2.2685546875;23083483;m2;196091;0;
..\..\world\expansion02\doodads\lakewintergrasp\bushes\wintergrasp_bush_03.obj;14014.1201171875;356.6795959472656;12390.3857421875;22.605876922607422;322.5;-9.944197654724121;;2.2685546875;23092223;m2;196091;0;
..\..\world\expansion02\doodads\lakewintergrasp\bushes\wintergrasp_bush_03.obj;13880.333984375;355.87493896484375;12618.337890625;-14.454523086547852;224.49998474121094;-13.552742004394531;;2.2685546875;23096435;m2;196091;0;
..\..\world\expansion02\doodads\lakewintergrasp\bushes\wintergrasp_bush_03.obj;13912.5595703125;365.1063537597656;12392.1748046875;-18.58171272277832;198.49996948242188;-9.290510177612305;;2.2685546875;23092221;m2;196091;0;
..\..\world\expansion02\doodads\lakewintergrasp\bushes\wintergrasp_bush_04.obj;14073.4306640625;350.9104919433594;12685.470703125;11.62319278717041;247.50003051757812;13.588438034057617;;3.05859375;23092023;m2;196092;0;
..\..\world\expansion02\doodads\lakewintergrasp\bushes\wintergrasp_bush_04.obj;14382.9677734375;371.0531311035156;12456.1484375;11.62319278717041;178.5;13.58843994140625;;3.05859375;23092765;m2;196092;0;
..\..\world\expansion02\doodads\lakewintergrasp\bushes\wintergrasp_bush_04.obj;14013.97265625;349.6868591308594;12613.9228515625;11.62319278717041;83.5;13.58843994140625;;3.05859375;23092772;m2;196092;0;
..\..\world\expansion02\doodads\lakewintergrasp\bushes\wintergrasp_bush_04.obj;13983.1123046875;350.7567443847656;12708.12890625;11.623194694519043;113.50003051757812;13.588440895080566;;3.05859375;23092788;m2;196092;0;
..\..\world\expansion02\doodads\lakewintergrasp\bushes\wintergrasp_bush_04.obj;14323.8798828125;350.0679931640625;12357.27734375;11.623194694519043;89;13.58843994140625;;3.05859375;23096428;m2;196092;0;
..\..\world\expansion02\doodads\dragonblight\dragonblight_shoreline_ice_02.obj;14264.4482421875;352.226806640625;12395.7138671875;0;115.49996948242188;0;;1.2998046875;23099364;m2;194647;0;
..\..\world\expansion02\doodads\lakewintergrasp\bushes\wintergrasp_bush_03.obj;13923.669921875;360.7820739746094;12378.0859375;-30.051694869995117;261.5;3.052263021469116;;2.2685546875;23092219;m2;196091;0;
..\..\world\expansion02\doodads\lakewintergrasp\bushes\wintergrasp_bush_04.obj;13971.494140625;350.41510009765625;12707.4091796875;-20.55217170715332;174.5;4.520751953125;;3.05859375;23092025;m2;196092;0;
..\..\world\expansion02\doodads\lakewintergrasp\bushes\wintergrasp_bush_04.obj;14377.404296875;370.81622314453125;12466.375;-20.552165985107422;239.50003051757812;4.520750522613525;;3.05859375;23092173;m2;196092;0;
..\..\world\expansion02\doodads\lakewintergrasp\bushes\wintergrasp_bush_04.obj;14080.982421875;350.3166809082031;12694.3291015625;-20.552169799804688;308.5;4.520751953125;;3.05859375;23092760;m2;196092;0;
..\..\world\expansion02\doodads\lakewintergrasp\bushes\wintergrasp_bush_04.obj;14004.2705078125;348.9399108886719;12607.48828125;-20.552165985107422;144.5;4.520750999450684;;3.05859375;23092771;m2;196092;0;
..\..\world\expansion02\doodads\lakewintergrasp\bushes\wintergrasp_bush_04.obj;14313.6064453125;349.32562255859375;12351.8046875;-20.552165985107422;150;4.520750522613525;;3.05859375;23096427;m2;196092;0;
..\..\world\expansion02\doodads\lakewintergrasp\bushes\wintergrasp_bush_03.obj;14382.6162109375;358.83251953125;12263.93359375;-13.423713684082031;183.49998474121094;7.39705753326416;;2.2685546875;23087167;m2;196091;0;
..\..\world\expansion02\doodads\lakewintergrasp\bushes\wintergrasp_bush_03.obj;14196.185546875;385.6830139160156;12612.8134765625;-21.057403564453125;350.29327392578125;-2.2169456481933594;;2.2685546875;23083490;m2;196091;0;
..\..\world\expansion02\doodads\lakewintergrasp\bushes\wintergrasp_bush_03.obj;13975.837890625;353.9007873535156;12310.1826171875;-12.47277545928955;42;-6.302077770233154;;2.2685546875;23083482;m2;196091;0;
..\..\world\expansion02\doodads\lakewintergrasp\bushes\wintergrasp_bush_03.obj;14023.7099609375;354.9056701660156;12377.52734375;-12.47277545928955;3.500030517578125;-6.302077293395996;;2.2685546875;23092222;m2;196091;0;
..\..\world\expansion02\doodads\lakewintergrasp\bushes\wintergrasp_bush_03.obj;14062.9375;355.3768615722656;12372.5810546875;-12.472777366638184;106.00003051757812;-6.302079677581787;;2.2685546875;23092224;m2;196091;0;
..\..\world\expansion02\doodads\lakewintergrasp\bushes\wintergrasp_bush_03.obj;14083.544921875;350.5963439941406;12374.998046875;-12.47277545928955;309;-6.302077293395996;;2.2685546875;23092225;m2;196091;0;
..\..\world\expansion02\doodads\lakewintergrasp\bushes\wintergrasp_bush_03.obj;14071.4716796875;352.0580139160156;12379.2763671875;-12.47277545928955;233;-6.302077293395996;;2.2685546875;23092226;m2;196091;0;
..\..\world\expansion02\doodads\lakewintergrasp\bushes\wintergrasp_bush_03.obj;13940.9716796875;354.3241271972656;12536.51953125;-12.47277545928955;112.49996948242188;-6.302076816558838;;2.2685546875;23092724;m2;196091;0;
..\..\world\expansion02\doodads\lakewintergrasp\bushes\wintergrasp_bush_03.obj;13947.677734375;362.5232849121094;12552.4853515625;-12.47277545928955;240.5;-6.302077293395996;;2.2685546875;23096432;m2;196091;0;
..\..\world\expansion02\doodads\lakewintergrasp\bushes\wintergrasp_bush_03.obj;13963.5029296875;354.2431640625;12540.85546875;-12.47277545928955;351;-6.302077293395996;;2.2685546875;23096433;m2;196091;0;
..\..\world\expansion02\doodads\lakewintergrasp\bushes\wintergrasp_bush_03.obj;14377.1767578125;358.8150634765625;12264.2216796875;-19.731517791748047;178.5;2.1491074562072754;;2.2685546875;23087168;m2;196091;0;
..\..\world\expansion02\doodads\lakewintergrasp\bushes\wintergrasp_bush_03.obj;14364.1142578125;360.8337707519531;12256.8447265625;-21.486663818359375;123;-0.7011263370513916;;2.2685546875;23087166;m2;196091;0;
..\..\world\expansion02\doodads\lakewintergrasp\bushes\wintergrasp_bush_03.obj;14326.32421875;354.0309143066406;12343.669921875;-16.43764877319336;274.5;-1.08329439163208;;2.2685546875;23083486;m2;196091;0;
..\..\world\expansion02\doodads\lakewintergrasp\bushes\wintergrasp_bush_03.obj;14017.7099609375;353.8276672363281;12600.611328125;-16.437646865844727;269;-1.08329439163208;;2.2685546875;23083489;m2;196091;0;
..\..\world\expansion02\doodads\lakewintergrasp\bushes\wintergrasp_bush_03.obj;13978.2978515625;354.66802978515625;12694.576171875;-16.43764877319336;347.5;-1.083290934562683;;2.2685546875;23083491;m2;196091;0;
..\..\world\expansion02\doodads\lakewintergrasp\bushes\wintergrasp_bush_03.obj;14066.1689453125;354.1969299316406;12697.2373046875;-16.43764305114746;72.99996948242188;-1.0832898616790771;;2.2685546875;23083492;m2;196091;0;
..\..\world\expansion02\doodads\lakewintergrasp\bushes\wintergrasp_bush_03.obj;14349.591796875;359.8072814941406;12685.7978515625;-16.43764305114746;251.50001525878906;-1.0832921266555786;;2.2685546875;23083493;m2;196091;0;
..\..\world\expansion02\doodads\lakewintergrasp\bushes\wintergrasp_bush_03.obj;14169.0087890625;357.9935607910156;12738.740234375;-16.437644958496094;157;-1.0832916498184204;;2.2685546875;23083497;m2;196091;0;
..\..\world\expansion02\doodads\lakewintergrasp\bushes\wintergrasp_bush_03.obj;13927.435546875;353.4330139160156;12805.189453125;-16.43764305114746;178.5;-1.0832910537719727;;2.2685546875;23087974;m2;196091;0;
..\..\world\expansion02\doodads\lakewintergrasp\bushes\wintergrasp_bush_03.obj;14225.5029296875;363.0638732910156;12775.26171875;-16.43764877319336;148.5;-1.0832916498184204;;2.2685546875;23089143;m2;196091;0;
..\..\world\expansion02\doodads\lakewintergrasp\bushes\wintergrasp_bush_03.obj;14369.380859375;374.9580078125;12453.5859375;-16.437646865844727;4;-1.0832912921905518;;2.2685546875;23092227;m2;196091;0;
..\..\world\expansion02\doodads\lakewintergrasp\bushes\wintergrasp_bush_03.obj;14308.830078125;354.2005920410156;12766.080078125;-16.437646865844727;149.00003051757812;-1.083290696144104;;2.2685546875;23095887;m2;196091;0;
..\..\world\expansion02\doodads\lakewintergrasp\bushes\wintergrasp_bush_03.obj;13965.697265625;354.7875061035156;12770.83203125;-16.437646865844727;304;-1.0832903385162354;;2.2685546875;23095888;m2;196091;0;
..\..\world\expansion02\doodads\dragonblight\dragonblight_shoreline_ice_02.obj;13912.9658203125;352.0473937988281;12274.478515625;0;313.0000305175781;0;;1.2998046875;23099360;m2;194647;0;
..\..\world\expansion02\doodads\dragonblight\dragonblight_shoreline_ice_01.obj;13932.79296875;351.8685607910156;12420.5703125;0;12.5;0;;1.669921875;23092757;m2;194646;0;
..\..\world\expansion02\doodads\dragonblight\dragonblight_shoreline_ice_01.obj;14104.6513671875;351.7418518066406;12382.01953125;0;253.49996948242188;0;;1.619140625;23097881;m2;194646;0;
..\..\world\expansion02\doodads\lakewintergrasp\bushes\wintergrasp_bush_04.obj;13899.5791015625;363.09423828125;12372.07421875;13.388534545898438;170;-23.300418853759766;;2.5791015625;23096430;m2;196092;0;
..\..\world\expansion02\doodads\dragonblight\dragonblight_shoreline_ice_02.obj;13883.7978515625;351.9410705566406;12447.33984375;0;191.00001525878906;0;;1.1298828125;23099368;m2;194647;0;
..\..\world\expansion02\doodads\dragonblight\dragonblight_shoreline_ice_02.obj;14120.337890625;351.845703125;12352.015625;0;99.50003051757812;0;;1.1298828125;23099362;m2;194647;0;
..\..\world\expansion02\doodads\dragonblight\dragonblight_shoreline_ice_02.obj;13928.62109375;351.8771057128906;12450.2890625;0;325;0;;1.1298828125;23099369;m2;194647;0;
..\..\world\expansion02\doodads\lakewintergrasp\bushes\wintergrasp_bush_04.obj;13916.65625;357.2828674316406;12367.0400390625;-4.593231201171875;36.000030517578125;-20.196937561035156;;2.5791015625;23096431;m2;196092;0;
..\..\world\expansion02\doodads\lakewintergrasp\bushes\wintergrasp_bush_04.obj;13964.41015625;353.46826171875;12535.54296875;7.823910236358643;34;-11.731826782226562;;2.5791015625;23092769;m2;196092;0;
..\..\world\expansion02\doodads\lakewintergrasp\bushes\wintergrasp_bush_04.obj;13908.982421875;366.2757873535156;12390.888671875;3.6422348022460938;235;-13.87514591217041;;2.5791015625;23089165;m2;196092;0;
..\..\world\expansion02\doodads\lakewintergrasp\bushes\wintergrasp_bush_04.obj;13964.0400390625;356.4035339355469;12319.388671875;2.6034629344940186;158;-12.704537391662598;;2.5791015625;23099460;m2;196092;0;
..\..\world\expansion02\doodads\dragonblight\dragonblight_shoreline_ice_01.obj;13913.2421875;351.74066162109375;12313.6826171875;0;147.50003051757812;0;;1.3798828125;23089168;m2;194646;0;
..\..\world\expansion02\doodads\lakewintergrasp\bushes\wintergrasp_bush_04.obj;14012.916015625;352.30328369140625;12373.828125;-3.7525298595428467;74.5;-8.179718017578125;;2.5791015625;23089156;m2;196092;0;
..\..\world\expansion02\doodads\lakewintergrasp\bushes\wintergrasp_bush_04.obj;13917.4599609375;360.2303771972656;12385.2763671875;3.116490125656128;295;-6.8236403465271;;2.5791015625;23089145;m2;196092;0;
..\..\world\expansion02\doodads\lakewintergrasp\bushes\wintergrasp_bush_04.obj;14024.669921875;352.4121398925781;12386.078125;3.1164894104003906;341.5;-6.823640823364258;;2.5791015625;23089154;m2;196092;0;
..\..\world\expansion02\doodads\lakewintergrasp\bushes\wintergrasp_bush_04.obj;14006.6025390625;350.8310852050781;12386.203125;3.1164891719818115;216;-6.8236403465271;;2.5791015625;23089155;m2;196092;0;
..\..\world\expansion02\doodads\lakewintergrasp\bushes\wintergrasp_bush_04.obj;14064.34765625;350.98345947265625;12374.453125;3.1164896488189697;211.00001525878906;-6.823641300201416;;2.5791015625;23089157;m2;196092;0;
..\..\world\expansion02\doodads\lakewintergrasp\bushes\wintergrasp_bush_04.obj;14077.1416015625;348.2509765625;12380.7451171875;3.1164896488189697;287;-6.823640823364258;;2.5791015625;23092027;m2;196092;0;
..\..\world\expansion02\doodads\lakewintergrasp\bushes\wintergrasp_bush_04.obj;14082.916015625;348.74627685546875;12366.82421875;3.1164891719818115;16.5;-6.823639869689941;;2.5791015625;23092172;m2;196092;0;
..\..\world\expansion02\doodads\lakewintergrasp\bushes\wintergrasp_bush_04.obj;13948.7431640625;351.6249694824219;12532.8291015625;3.1164886951446533;90.5;-6.823640823364258;;2.5791015625;23092767;m2;196092;0;
..\..\world\expansion02\doodads\lakewintergrasp\bushes\wintergrasp_bush_04.obj;13962.5888671875;352.2899475097656;12549.412109375;3.1164896488189697;329;-6.823640823364258;;2.5791015625;23092768;m2;196092;0;
..\..\world\expansion02\doodads\lakewintergrasp\bushes\wintergrasp_bush_04.obj;13876.1494140625;351.90155029296875;12613.953125;3.1164889335632324;217.5;-6.8236403465271;;2.5791015625;23092770;m2;196092;0;
..\..\world\expansion02\doodads\lakewintergrasp\bushes\wintergrasp_bush_04.obj;14068.8076171875;351.0755920410156;12361.4296875;3.1164894104003906;123.50003051757812;-6.823641777038574;;2.5791015625;23097875;m2;196092;0;
..\..\world\expansion02\doodads\lakewintergrasp\bushes\wintergrasp_bush_04.obj;13973.2666015625;354.547119140625;12329.5625;0.8323928713798523;278;-9.067058563232422;;2.5791015625;23099461;m2;196092;0;
..\..\world\expansion02\doodads\dragonblight\dragonblight_shoreline_ice_01.obj;14120.4384765625;351.8316955566406;12333.375;0;310.0000305175781;0;;1.359375;23097878;m2;194646;0;
..\..\world\expansion02\doodads\dragonblight\dragonblight_shoreline_ice_01.obj;14390.859375;351.76654052734375;12364.4951171875;0;195.99998474121094;0;;1.3798828125;23097880;m2;194646;0;
..\..\world\expansion02\doodads\dragonblight\dragonblight_shoreline_ice_01.obj;13945.4990234375;351.7997741699219;12294.0556640625;0;260.9999694824219;0;;1.3798828125;23089167;m2;194646;0;
..\..\world\expansion02\doodads\dragonblight\dragonblight_shoreline_ice_01.obj;13941.943359375;351.86944580078125;12458.939453125;0;234.49998474121094;0;;1.2685546875;23090846;m2;194646;0;
..\..\world\expansion02\doodads\dragonblight\dragonblight_shoreline_ice_01.obj;14077.1318359375;351.8379821777344;12530.5791015625;0;43.000030517578125;0;;1.2685546875;23090856;m2;194646;0;
..\..\world\expansion02\doodads\dragonblight\dragonblight_shoreline_ice_01.obj;13944.78125;351.8949279785156;12438.37109375;0;134.5;0;;1.2685546875;23090847;m2;194646;0;
..\..\world\expansion02\doodads\dragonblight\dragonblight_shoreline_ice_01.obj;14263.14453125;351.8673095703125;12361.60546875;0;265.0000305175781;0;;1.3798828125;23097879;m2;194646;0;
..\..\world\expansion02\doodads\dragonblight\dragonblight_shoreline_ice_01.obj;14284.95703125;351.8132019042969;12469.021484375;0;107.5;0;;1.2685546875;23090852;m2;194646;0;
..\..\world\expansion02\doodads\dragonblight\dragonblight_shoreline_ice_01.obj;14051.693359375;351.7227478027344;12425.21875;0;93;0;;1.2685546875;23092796;m2;194646;0;
..\..\world\expansion02\doodads\lakewintergrasp\bushes\wintergrasp_bush_01.obj;13863.1650390625;369.8060607910156;12715.732421875;1.8475593328475952;239.3821258544922;23.35834312438965;;3.9384765625;23100038;m2;196087;0;
..\..\world\expansion02\doodads\lakewintergrasp\bushes\wintergrasp_bush_04.obj;14073.296875;354.2435607910156;12684.302734375;-1.3980165719985962;42;-6.891078472137451;;2.029296875;23092024;m2;196092;0;
..\..\world\expansion02\doodads\lakewintergrasp\bushes\wintergrasp_bush_04.obj;14014.421875;352.7420959472656;12615.0087890625;-1.3980170488357544;237.99996948242188;-6.891077518463135;;2.029296875;23092759;m2;196092;0;
..\..\world\expansion02\doodads\lakewintergrasp\bushes\wintergrasp_bush_04.obj;14384.0107421875;373.8832702636719;12455.60546875;-1.3980170488357544;332.9999694824219;-6.891078472137451;;2.029296875;23092766;m2;196092;0;
..\..\world\expansion02\doodads\lakewintergrasp\bushes\wintergrasp_bush_04.obj;13984.0458984375;353.6665344238281;12708.845703125;-1.3980170488357544;268;-6.891078472137451;;2.029296875;23092789;m2;196092;0;
..\..\world\expansion02\doodads\lakewintergrasp\bushes\wintergrasp_bush_04.obj;14324.431640625;353.012939453125;12358.3154296875;-1.398016333580017;243.49996948242188;-6.891077041625977;;2.029296875;23096429;m2;196092;0;
..\..\world\expansion02\doodads\lakewintergrasp\bushes\wintergrasp_bush_01.obj;13963.3359375;356.4074401855469;12762.6875;13.839451789855957;56.5;2.9703288078308105;;3.888671875;23082935;m2;196087;0;
..\..\world\expansion02\doodads\dragonblight\dragonblight_shoreline_ice_01.obj;14094.5654296875;352.01092529296875;12318.69921875;0;255.0000457763672;0;;1.0390625;23089169;m2;194646;0;
..\..\world\expansion02\doodads\lakewintergrasp\bushes\wintergrasp_bush_01.obj;13923.556640625;358.728515625;12376.4404296875;-2.0508453845977783;246.00003051757812;20.03192138671875;;3.6796875;23092776;m2;196087;0;
..\..\world\expansion02\doodads\dragonblight\dragonblight_shoreline_ice_01.obj;14257.154296875;351.9408264160156;12399.607421875;0;344.5;0;;1.029296875;23097882;m2;194646;0;
..\..\world\expansion02\doodads\lakewintergrasp\bushes\wintergrasp_bush_01.obj;13927.1181640625;357.1908264160156;12728.595703125;13.839452743530273;159;2.970327615737915;;3.9384765625;23089172;m2;196087;0;
..\..\world\expansion02\doodads\lakewintergrasp\bushes\wintergrasp_bush_01.obj;13860.75390625;370.7019958496094;12729.3212890625;-0.9797004461288452;126;-2.9323978424072266;;3.9384765625;23092106;m2;196087;0;
..\..\world\expansion02\doodads\lakewintergrasp\bushes\wintergrasp_bush_01.obj;13962.8466796875;355.8873291015625;12549.181640625;-16.98871421813965;221.49998474121094;-3.132417678833008;;3.25;23092026;m2;196087;0;
..\..\world\expansion02\doodads\lakewintergrasp\bushes\wintergrasp_bush_01.obj;14025.92578125;356.0421447753906;12383.8076171875;-16.98871421813965;220.5;-3.1324172019958496;;3.25;23092781;m2;196087;0;
..\..\world\expansion02\doodads\lakewintergrasp\bushes\wintergrasp_bush_01.obj;14010.58203125;356.1161193847656;12372.693359375;-18.692174911499023;313.5;1.032699465751648;;3.25;23091941;m2;196087;0;
..\..\world\expansion02\doodads\lakewintergrasp\bushes\wintergrasp_bush_01.obj;14168.4169921875;359.6801452636719;12738.78125;13.839452743530273;313.5;2.9703283309936523;;3.2685546875;23082938;m2;196087;0;
..\..\world\expansion02\doodads\lakewintergrasp\bushes\wintergrasp_bush_01.obj;13964.32421875;355.9111633300781;12319.5419921875;-16.988712310791016;35.5;-3.1324167251586914;;3.25;23097889;m2;196087;0;
..\..\world\expansion02\doodads\lakewintergrasp\bushes\wintergrasp_bush_01.obj;14349.677734375;361.4994201660156;12686.384765625;13.839452743530273;48;2.970327615737915;;3.2685546875;23089170;m2;196087;0;
..\..\world\expansion02\doodads\lakewintergrasp\bushes\wintergrasp_bush_01.obj;14066.0673828125;355.8235168457031;12696.65234375;13.839451789855957;229.50001525878906;2.970327377319336;;3.2685546875;23089160;m2;196087;0;
..\..\world\expansion02\doodads\lakewintergrasp\bushes\wintergrasp_bush_01.obj;14382.6015625;360.3375549316406;12264.3671875;13.83945369720459;307;2.9703283309936523;;3.2685546875;23087144;m2;196087;0;
..\..\world\expansion02\doodads\lakewintergrasp\bushes\wintergrasp_bush_01.obj;13911.85546875;365.58843994140625;12392.0029296875;-6.788518905639648;222.50003051757812;8.977961540222168;;3.25;23092778;m2;196087;0;
..\..\world\expansion02\doodads\lakewintergrasp\bushes\wintergrasp_bush_01.obj;14308.23828125;355.8938293457031;12766.03515625;13.839452743530273;305.5000305175781;2.970327854156494;;3.2685546875;23082940;m2;196087;0;
..\..\world\expansion02\doodads\lakewintergrasp\bushes\wintergrasp_bush_01.obj;14224.9111328125;364.7564392089844;12775.2138671875;13.83945369720459;305;2.9703283309936523;;3.2685546875;23096442;m2;196087;0;
..\..\world\expansion02\doodads\lakewintergrasp\bushes\wintergrasp_bush_01.obj;14384.916015625;376.2196350097656;12455.5869140625;-2.607301712036133;137.5;-1.5719096660614014;;3.4697265625;23091951;m2;196087;0;
..\..\world\expansion02\doodads\lakewintergrasp\bushes\wintergrasp_bush_01.obj;14068.6240234375;356.8363342285156;12706.8515625;-2.6073014736175537;227.5;-1.5719094276428223;;3.4697265625;23092793;m2;196087;0;
..\..\world\expansion02\doodads\lakewintergrasp\bushes\wintergrasp_bush_01.obj;14324.458984375;355.1646423339844;12359.2216796875;-2.607301712036133;48;-1.5719099044799805;;3.4697265625;23092773;m2;196087;0;
..\..\world\expansion02\doodads\lakewintergrasp\bushes\wintergrasp_bush_01.obj;14014.361328125;355.2706604003906;12615.9140625;-2.6073014736175537;42.5;-1.5719094276428223;;3.4697265625;23095894;m2;196087;0;
..\..\world\expansion02\doodads\lakewintergrasp\bushes\wintergrasp_bush_01.obj;13971.2451171875;356.8983459472656;12709.650390625;-2.607301950454712;143.49996948242188;-1.571909785270691;;3.4697265625;23092791;m2;196087;0;
..\..\world\expansion02\doodads\lakewintergrasp\bushes\wintergrasp_bush_01.obj;13898.751953125;362.581787109375;12371.28125;-16.988712310791016;29.5;-3.1324172019958496;;3.25;23092775;m2;196087;0;
..\..\world\expansion02\doodads\lakewintergrasp\bushes\wintergrasp_bush_01.obj;14195.0673828125;387.3684997558594;12612.5654296875;13.839451789855957;146.5;2.970327615737915;;3.2685546875;23095896;m2;196087;0;
..\..\world\generic\pvp\fires\lowpolyfire.obj;14181.8427734375;386.1102600097656;12343.921875;0;4.999969482421875;0;;0.3193359375;23097902;m2;200302;0;
..\..\world\expansion02\doodads\lakewintergrasp\bushes\wintergrasp_bush_01.obj;13947.0400390625;354.9519958496094;12532.224609375;-16.98871612548828;329.5;-3.132417917251587;;3.25;23091954;m2;196087;0;
..\..\world\expansion02\doodads\lakewintergrasp\bushes\wintergrasp_bush_01.obj;14081.85546875;357.4996643066406;12699.5634765625;-2.607301712036133;241.0000457763672;-1.5719094276428223;;3.4697265625;23089161;m2;196087;0;
..\..\world\expansion02\doodads\lakewintergrasp\bushes\wintergrasp_bush_01.obj;13939.3203125;355.4305725097656;12537.43359375;-4.847853183746338;41.500030517578125;3.2784645557403564;;3.25;23082932;m2;196087;0;
..\..\world\expansion02\doodads\lakewintergrasp\bushes\wintergrasp_bush_01.obj;13963.4921875;355.07452392578125;12541.7216796875;-4.847853183746338;310;3.2784643173217773;;3.25;23082934;m2;196087;0;
..\..\world\expansion02\doodads\lakewintergrasp\bushes\wintergrasp_bush_01.obj;14012.69921875;355.1275939941406;12592.046875;-2.607301712036133;63.5;-1.57191002368927;;3.4697265625;23092785;m2;196087;0;
..\..\world\expansion02\doodads\lakewintergrasp\bushes\wintergrasp_bush_01.obj;13981.04296875;355.40093994140625;12322.984375;-4.847853660583496;229;3.2784647941589355;;3.25;23097883;m2;196087;0;
..\..\world\expansion02\doodads\lakewintergrasp\bushes\wintergrasp_bush_01.obj;13974.7177734375;356.37054443359375;12329.3388671875;-16.98871612548828;157;-3.1324174404144287;;3.25;23097892;m2;196087;0;
..\..\world\expansion02\doodads\lakewintergrasp\bushes\wintergrasp_bush_01.obj;13963.609375;355.47271728515625;12534.4716796875;-16.988718032836914;292;-3.132416248321533;;3.25;23090571;m2;196087;0;
..\..\world\expansion02\doodads\lakewintergrasp\bushes\wintergrasp_bush_01.obj;13964.9033203125;356.6622009277344;12767.453125;-0.9797005653381348;80.5;-2.9323983192443848;;3.888671875;23083488;m2;196087;0;
..\..\world\expansion02\doodads\lakewintergrasp\bushes\wintergrasp_bush_01.obj;14312.451171875;354.769775390625;12353.740234375;-2.607301712036133;119.00003051757812;-1.5719099044799805;;3.4697265625;23092174;m2;196087;0;
..\..\world\expansion02\doodads\lakewintergrasp\bushes\wintergrasp_bush_01.obj;14379.330078125;377.25823974609375;12467.546875;-2.6073014736175537;208.4999542236328;-1.5719094276428223;;3.4697265625;23091953;m2;196087;0;
..\..\world\expansion02\doodads\lakewintergrasp\bushes\wintergrasp_bush_01.obj;14017.96875;355.5199279785156;12601.14453125;13.839452743530273;65.50003051757812;2.970327854156494;;3.2685546875;23096438;m2;196087;0;
..\..\world\expansion02\doodads\lakewintergrasp\bushes\wintergrasp_bush_01.obj;14073.6044921875;356.9591369628906;12683.44921875;-2.607301712036133;206.5;-1.5719096660614014;;3.4697265625;23089163;m2;196087;0;
..\..\world\expansion02\doodads\lakewintergrasp\bushes\wintergrasp_bush_01.obj;14361.28515625;376.20458984375;12459.32421875;-2.607301950454712;158.5;-1.5719099044799805;;3.4697265625;23091947;m2;196087;0;
..\..\world\expansion02\doodads\lakewintergrasp\bushes\wintergrasp_bush_01.obj;14006.83203125;356.5226135253906;12373.1806640625;-9.335488319396973;25.5;2.9454615116119385;;3.25;23092784;m2;196087;0;
..\..\world\expansion02\doodads\lakewintergrasp\bushes\wintergrasp_bush_01.obj;14320.515625;356.4490661621094;12335.625;-2.6073014736175537;69;-1.5719094276428223;;3.4697265625;23097899;m2;196087;0;
..\..\world\expansion02\doodads\lakewintergrasp\bushes\wintergrasp_bush_01.obj;14220.701171875;364.9709167480469;12774.9716796875;-0.9797006845474243;329;-2.9323983192443848;;3.2685546875;23096441;m2;196087;0;
..\..\world\expansion02\doodads\lakewintergrasp\bushes\wintergrasp_bush_01.obj;14304.025390625;356.10870361328125;12765.8310546875;-0.9797005653381348;329.5;-2.932398557662964;;3.2685546875;23082939;m2;196087;0;
..\..\world\expansion02\doodads\lakewintergrasp\bushes\wintergrasp_bush_01.obj;13969.9462890625;356.697998046875;12773.0888671875;-0.9797006845474243;124.5;-2.932398557662964;;3.2685546875;23096440;m2;196087;0;
..\..\world\expansion02\doodads\lakewintergrasp\bushes\wintergrasp_bush_01.obj;14083.6162109375;351.9132385253906;12375.015625;-4.847853660583496;239.00001525878906;3.2784647941589355;;3.25;23091943;m2;196087;0;
..\..\world\expansion02\doodads\lakewintergrasp\bushes\wintergrasp_bush_01.obj;14002.935546875;355.5174255371094;12609.3056640625;-2.607302188873291;113.50003051757812;-1.5719102621078491;;3.4697265625;23095893;m2;196087;0;
..\..\world\expansion02\doodads\lakewintergrasp\bushes\wintergrasp_bush_01.obj;14378.384765625;359.6676330566406;12264.271484375;-0.9797006845474243;331;-2.932398557662964;;3.2685546875;23087155;m2;196087;0;
..\..\world\expansion02\doodads\lakewintergrasp\bushes\wintergrasp_bush_01.obj;14369.890625;376.6742248535156;12453.2822265625;13.839451789855957;160.5;2.9703280925750732;;3.2685546875;23091950;m2;196087;0;
..\..\world\expansion02\doodads\lakewintergrasp\bushes\wintergrasp_bush_01.obj;13917.751953125;363.6681213378906;12385.3466796875;8.379279136657715;160;5.8517327308654785;;3.25;23092777;m2;196087;0;
..\..\world\expansion02\doodads\lakewintergrasp\bushes\wintergrasp_bush_01.obj;14326.6328125;355.5230407714844;12344.17578125;13.839452743530273;71.00003051757812;2.9703288078308105;;3.2685546875;23097898;m2;196087;0;
..\..\world\expansion02\doodads\lakewintergrasp\bushes\wintergrasp_bush_01.obj;13907.9833984375;358.3602600097656;12362.4638671875;-13.424917221069336;340.5;0.50649493932724;;3.25;23097893;m2;196087;0;
..\..\world\expansion02\doodads\lakewintergrasp\bushes\wintergrasp_bush_01.obj;13983.7294921875;356.4853515625;12697.3515625;-0.9797006845474243;119.5;-2.932398796081543;;3.2685546875;23095897;m2;196087;0;
..\..\world\expansion02\doodads\lakewintergrasp\bushes\wintergrasp_bush_01.obj;13964.85546875;356.2452697753906;12328.62890625;-4.847853660583496;113.50003051757812;3.2784650325775146;;3.25;23097888;m2;196087;0;
..\..\world\expansion02\doodads\lakewintergrasp\bushes\wintergrasp_bush_01.obj;13984.4453125;356.09326171875;12709.6591796875;-2.6073014736175537;72.50003051757812;-1.5719094276428223;;3.4697265625;23092792;m2;196087;0;
..\..\world\expansion02\doodads\lakewintergrasp\bushes\wintergrasp_bush_01.obj;14025.634765625;356.115966796875;12380.037109375;-4.847853183746338;292.5000305175781;3.278463840484619;;3.25;23092780;m2;196087;0;
..\..\world\expansion02\doodads\lakewintergrasp\bushes\wintergrasp_bush_01.obj;14083.9384765625;352.393310546875;12367.376953125;-16.98871421813965;255.49998474121094;-3.132417917251587;;3.25;23091945;m2;196087;0;
..\..\world\expansion02\doodads\lakewintergrasp\bushes\wintergrasp_bush_01.obj;14077.8671875;353.8904724121094;12359.47265625;-4.847853183746338;333.5;3.2784643173217773;;3.25;23097896;m2;196087;0;
..\..\world\expansion02\doodads\lakewintergrasp\bushes\wintergrasp_bush_01.obj;14077.814453125;352.0038146972656;12380.970703125;-16.98871421813965;166;-3.132417678833008;;3.25;23091944;m2;196087;0;
..\..\world\expansion02\doodads\lakewintergrasp\bushes\wintergrasp_bush_01.obj;14113.9013671875;355.2533264160156;12711.982421875;-0.9797005653381348;205;-2.9323983192443848;;3.2685546875;23092787;m2;196087;0;
..\..\world\expansion02\doodads\lakewintergrasp\bushes\wintergrasp_bush_01.obj;14164.216796875;359.4496154785156;12739.1640625;-0.9797004461288452;337.4999694824219;-2.9323980808258057;;3.2685546875;23082936;m2;196087;0;
..\..\world\expansion02\doodads\lakewintergrasp\bushes\wintergrasp_bush_01.obj;13931.486328125;357.4649963378906;12726;-0.9797005653381348;183.00003051757812;-2.9323983192443848;;3.9384765625;23089171;m2;196087;0;
..\..\world\expansion02\doodads\lakewintergrasp\bushes\wintergrasp_bush_01.obj;14149.6591796875;359.10845947265625;12739.208984375;13.839452743530273;345;2.970327854156494;;3.2685546875;23082937;m2;196087;0;
..\..\world\expansion02\doodads\lakewintergrasp\bushes\wintergrasp_bush_01.obj;13967.123046875;356.8531799316406;12704.4013671875;-2.607301712036133;107;-1.5719101428985596;;3.4697265625;23092790;m2;196087;0;
..\..\world\expansion02\doodads\lakewintergrasp\bushes\wintergrasp_bush_01.obj;13916.3017578125;359.3962097167969;12366.3681640625;-18.893571853637695;257;10.537156105041504;;3.25;23097894;m2;196087;0;
..\..\world\expansion02\doodads\lakewintergrasp\bushes\wintergrasp_bush_01.obj;13977.564453125;354.8231506347656;12310.125;-16.98871421813965;259.0000305175781;-3.132418155670166;;3.25;23097891;m2;196087;0;
..\..\world\expansion02\doodads\lakewintergrasp\bushes\wintergrasp_bush_01.obj;13908.6806640625;365.7604675292969;12390.162109375;-16.98871421813965;101.5;-3.1324174404144287;;3.25;23092779;m2;196087;0;
..\..\world\expansion02\doodads\lakewintergrasp\bushes\wintergrasp_bush_01.obj;14001.990234375;355.50189208984375;12602.69921875;-2.6073014736175537;77.00003051757812;-1.5719094276428223;;3.4697265625;23095892;m2;196087;0;
..\..\world\expansion02\doodads\lakewintergrasp\bushes\wintergrasp_bush_01.obj;14350.388671875;361.7164001464844;12690.5419921875;-0.9797008037567139;72;-2.9323980808258057;;3.2685546875;23089164;m2;196087;0;
..\..\world\expansion02\doodads\lakewintergrasp\bushes\wintergrasp_bush_01.obj;14065.248046875;355.8564453125;12692.515625;-0.9797009229660034;253.49996948242188;-2.9323983192443848;;3.2685546875;23089159;m2;196087;0;
..\..\world\expansion02\doodads\lakewintergrasp\bushes\wintergrasp_bush_01.obj;14230.939453125;365.7096252441406;12774.2607421875;13.839451789855957;349.5;2.970327615737915;;3.2685546875;23096443;m2;196087;0;
..\..\world\expansion02\doodads\lakewintergrasp\bushes\wintergrasp_bush_01.obj;13973.9287109375;354.4303283691406;12309.2607421875;-4.847853183746338;341.4999694824219;3.2784647941589355;;3.25;23097890;m2;196087;0;
..\..\world\expansion02\doodads\lakewintergrasp\bushes\wintergrasp_bush_01.obj;14320.318359375;355.6399841308594;12764.5859375;13.839451789855957;350;2.970327854156494;;3.2685546875;23083487;m2;196087;0;
..\..\world\expansion02\doodads\lakewintergrasp\bushes\wintergrasp_bush_01.obj;13966.21484375;356.4791564941406;12771.123046875;13.83945369720459;100.5;2.9703269004821777;;3.2685546875;23096439;m2;196087;0;
..\..\world\expansion02\doodads\lakewintergrasp\bushes\wintergrasp_bush_01.obj;14063.8583984375;354.7854309082031;12373.591796875;-16.98871421813965;82.50003051757812;-3.1324174404144287;;3.25;23091942;m2;196087;0;
..\..\world\expansion02\doodads\lakewintergrasp\bushes\wintergrasp_bush_01.obj;14317.169921875;355.85516357421875;12767.3916015625;-0.9797004461288452;14;-2.9323980808258057;;3.2685546875;23083480;m2;196087;0;
..\..\world\expansion02\doodads\lakewintergrasp\bushes\wintergrasp_bush_01.obj;14372.8310546875;377.22216796875;12469.064453125;-2.6073014736175537;172;-1.5719095468521118;;3.4697265625;23091952;m2;196087;0;
..\..\world\expansion02\doodads\lakewintergrasp\bushes\wintergrasp_bush_01.obj;13877.0146484375;355.86370849609375;12616.02734375;-16.988718032836914;96.50003051757812;-3.132417917251587;;3.25;23092795;m2;196087;0;
..\..\world\expansion02\doodads\lakewintergrasp\bushes\wintergrasp_bush_01.obj;14310.876953125;355.79608154296875;12347.25390625;-2.607301712036133;82.5;-1.5719094276428223;;3.4697265625;23097901;m2;196087;0;
..\..\world\expansion02\doodads\lakewintergrasp\bushes\wintergrasp_bush_01.obj;14071.744140625;353.1796569824219;12379.7265625;-4.847853660583496;167;3.2784645557403564;;3.25;23091946;m2;196087;0;
..\..\world\expansion02\doodads\lakewintergrasp\bushes\wintergrasp_bush_01.obj;14010.9599609375;355.84027099609375;12390.49609375;-4.847853660583496;167;3.2784645557403564;;3.25;23092782;m2;196087;0;
..\..\world\expansion02\doodads\lakewintergrasp\bushes\wintergrasp_bush_01.obj;13955.2919921875;355.4359436035156;12534.9853515625;-4.847854137420654;280.4999694824219;3.2784650325775146;;3.25;23090570;m2;196087;0;
..\..\world\expansion02\doodads\lakewintergrasp\bushes\wintergrasp_bush_01.obj;14082.767578125;356.4381103515625;12692.951171875;-2.607301712036133;277.4999694824219;-1.5719094276428223;;3.4697265625;23089162;m2;196087;0;
..\..\world\expansion02\doodads\lakewintergrasp\bushes\wintergrasp_bush_01.obj;13880.6181640625;356.1434631347656;12618.130859375;-4.847853660583496;168.5;3.2784643173217773;;3.25;23096436;m2;196087;0;
..\..\world\expansion02\doodads\lakewintergrasp\bushes\wintergrasp_bush_01.obj;14007.7216796875;354.7851257324219;12388.54296875;-16.98871421813965;95;-3.132418394088745;;3.25;23092783;m2;196087;0;
..\..\world\expansion02\doodads\lakewintergrasp\bushes\wintergrasp_bush_01.obj;14199.583984375;387.3885803222656;12611.71875;-0.9797005653381348;170.5;-2.9323980808258057;;3.2685546875;23095895;m2;196087;0;
..\..\world\expansion02\doodads\lakewintergrasp\bushes\wintergrasp_bush_01.obj;13980.1845703125;356.3832092285156;12695.06640625;13.839452743530273;95.5;2.9703269004821777;;3.2685546875;23088537;m2;196087;0;
..\..\world\expansion02\doodads\lakewintergrasp\bushes\wintergrasp_bush_01.obj;14071.734375;357.5318908691406;12706.912109375;-2.607301712036133;328;-1.5719096660614014;;2.7685546875;23092786;m2;196087;0;
..\..\world\expansion02\doodads\lakewintergrasp\bushes\wintergrasp_bush_01.obj;13947.53125;363.5827941894531;12552.3671875;-4.84785270690918;187.00001525878906;3.2784645557403564;;3.25;23082933;m2;196087;0;
..\..\world\expansion02\doodads\lakewintergrasp\bushes\wintergrasp_bush_01.obj;14069.2158203125;354.7796936035156;12360.84375;-16.98871612548828;2.5;-3.132417917251587;;3.25;23097895;m2;196087;0;
..\..\world\expansion02\doodads\lakewintergrasp\bushes\wintergrasp_bush_01.obj;13971.0712890625;355.5560607910156;12689.8212890625;-2.607301712036133;93.5;-1.5719093084335327;;3.4697265625;23088538;m2;196087;0;
..\..\world\expansion02\doodads\lakewintergrasp\bushes\wintergrasp_bush_01.obj;14328.912109375;356.2216796875;12347.7265625;-0.9797005653381348;95;-2.9323978424072266;;3.2685546875;23097897;m2;196087;0;
..\..\world\expansion02\doodads\lakewintergrasp\bushes\wintergrasp_bush_01.obj;14373.458984375;377.1090393066406;12451.0341796875;-0.9797006845474243;184.49998474121094;-2.932398557662964;;3.2685546875;23091949;m2;196087;0;
..\..\world\expansion02\doodads\lakewintergrasp\bushes\wintergrasp_bush_01.obj;14111.345703125;355.0346984863281;12715.337890625;13.839452743530273;181;2.970327854156494;;3.2685546875;23092761;m2;196087;0;
..\..\world\expansion02\doodads\lakewintergrasp\bushes\wintergrasp_bush_01.obj;13899.146484375;365.1966857910156;12377.5390625;-4.847853660583496;94.00003051757812;3.2784647941589355;;3.25;23092774;m2;196087;0;
..\..\world\expansion02\doodads\lakewintergrasp\bushes\wintergrasp_bush_01.obj;14009.6923828125;355.49237060546875;12592.8447265625;-2.607301712036133;164;-1.5719096660614014;;2.7685546875;23092794;m2;196087;0;
..\..\world\expansion02\doodads\lakewintergrasp\bushes\wintergrasp_bush_01.obj;14019.896484375;355.7392272949219;12604.896484375;-0.9797004461288452;89.50003051757812;-2.9323980808258057;;3.2685546875;23096437;m2;196087;0;
..\..\world\expansion02\doodads\lakewintergrasp\bushes\wintergrasp_bush_01.obj;13968.8662109375;355.8450012207031;12692.0166015625;-2.6073014736175537;194.00001525878906;-1.5719094276428223;;2.7685546875;23089158;m2;196087;0;
..\..\world\expansion02\doodads\lakewintergrasp\bushes\wintergrasp_bush_01.obj;14362.3427734375;376.88836669921875;12462.25;-2.6073014736175537;259.0000305175781;-1.5719095468521118;;2.7685546875;23091948;m2;196087;0;
..\..\world\expansion02\doodads\lakewintergrasp\bushes\wintergrasp_bush_01.obj;14317.599609375;356.45654296875;12336.7060546875;-2.607301712036133;169.5;-1.5719096660614014;;2.7685546875;23097900;m2;196087;0;
..\..\world\wmo\northrend\wintergrasp\wg_tower02_set0.obj;14250.998046875;405.626953125;12718.6259765625;0;45;0;0;1;23091491;wmo;115687;0;Set_$DefaultGlobal
..\..\world\wmo\northrend\buildings\titan\wg_titanbuilding06_set0.obj;14158.6806640625;297.2818908691406;12062.345703125;0;0;0;0;1;23091903;wmo;248641;0;Set_$DefaultGlobal
..\..\world\wmo\northrend\buildings\titan\wg_titanbuilding04_set0.obj;13838.5283203125;328.3714904785156;12689.6435546875;0;0.5;0;0;1;23091935;wmo;248637;0;Set_$DefaultGlobal
..\..\world\wmo\northrend\wintergrasp\wg_bridge02_set0.obj;14219.0166015625;388.8720703125;12458.78515625;0;12.5;0;0;1;23097886;wmo;219745;0;Set_$DefaultGlobal
..\..\world\wmo\northrend\buildings\titan\wg_titanbuilding03_set0.obj;14234.634765625;344.4134826660156;12643.171875;0;0;0;0;1;23097887;wmo;248635;0;Set_$DefaultGlobal
